threshold_deg,cue_delay_s,cooldown_s,cue_strength,base_pattern,mean_error_deg,bad_posture_percent,number_of_cues,total_comfort_penalty,mean_pressure_kpa,max_pressure_kpa,norm_mean_error_deg,norm_bad_posture_percent,norm_number_of_cues,norm_total_comfort_penalty,overall_score_lower_is_better
7,0.5,6,1.0,pulse,5.7926598840952295,74.22222222222223,22,2.885236973907345,0.08014547149742623,2.4000113903295164,0.4226259330335751,0.0028571428571429387,0.1282051282051282,0.07203592777005595,0.1341698959186321
8,1.0,4,1.3,pulse,5.436000746564314,74.16666666666667,34,5.795507552105811,0.16098632089182804,3.121032661799397,0.3428503874520486,0.0,0.4358974358974359,0.3917471031477636,0.20765176108230848
7,2.0,8,1.0,wave,6.734001253616197,76.38888888888889,17,2.229507498968755,0.0619307638602432,2.4000001999748566,0.6331799702913116,0.1142857142857139,0.0,0.0,0.20972356400139913
8,0.5,8,1.3,wave,7.304179868759389,75.5,17,2.8983601681430926,0.08051000467064146,3.1200002599673136,0.7607143730739254,0.06857142857142834,0.0,0.07347759160889325,0.23573125444740275
6,1.0,8,1.6,wave,5.950320876381901,78.5,18,3.775953596583454,0.10488759990509594,3.8400003199597705,0.4578906728175203,0.22285714285714264,0.02564102564102564,0.16988664326624958,0.25129981370744675
7,0.5,8,1.0,pulse,6.964521759449614,77.44444444444444,18,2.3543303061094187,0.06539806405859497,2.4000001999748566,0.6847415235656793,0.16857142857142826,0.02564102564102564,0.013712555349265883,0.2523491373825183
8,1.0,6,1.3,wave,6.492671742764617,76.88888888888889,23,3.9213119394939437,0.10892533165260954,3.120014807428371,0.57920071848695,0.1399999999999996,0.15384615384615385,0.18585515389581322,0.2603558257855153
8,1.0,6,1.6,wave,6.132500626465527,77.55555555555556,23,4.826166327947254,0.1340601757763126,3.8400182245272254,0.4986396328958742,0.17428571428571413,0.15384615384615385,0.28525899017318235,0.2755248930717918
8,2.0,4,1.6,wave,5.0507197619980495,76.88888888888889,34,7.133851483429282,0.19816254120636895,3.841270968368489,0.2566728652420722,0.1399999999999996,0.4358974358974359,0.538772439743071,0.2785124478488757
8,2.0,8,1.0,pulse,7.69819524194499,77.22222222222223,17,2.2295081744525014,0.0619307826236806,2.4000001999748566,0.8488455550786638,0.15714285714285722,0.0,7.420605633255563e-08,0.28292568932516293
8,2.0,8,1.0,wave,7.451751956757604,77.94444444444444,17,2.2295081858345505,0.06193078293984862,2.4000001999748566,0.7937224824810261,0.19428571428571398,0.0,7.545644463567784e-08,0.28585920714011676
8,2.0,8,1.6,wave,6.476319114427577,78.88888888888889,18,3.7754078191877802,0.10487243942188278,3.8400003199597705,0.5755430529177727,0.24285714285714247,0.02564102564102564,0.1698266862526397,0.28970091732978775
8,1.0,3,1.6,wave,4.636186833679527,75.27777777777777,45,9.233715241744338,0.25649209004845386,3.8496129414792297,0.16395242985086764,0.05714285714285658,0.717948717948718,0.7694554268622757,0.29238835034432936
8,1.0,4,1.3,wave,5.552924879283062,77.61111111111111,35,5.966616858709725,0.16573935718638122,3.121032661799397,0.36900333153153797,0.17714285714285707,0.46153846153846156,0.410544515987042,0.30022786794842476
8,2.0,6,1.0,pulse,7.016092299964887,78.38888888888889,23,3.016387823389084,0.08378855064969679,2.4000113903295164,0.6962765371756517,0.21714285714285675,0.15384615384615385,0.08644365760579777,0.30445676691397344
6,2.0,6,1.0,pulse,6.099191146906023,81.22222222222221,24,3.146857207274297,0.08741270020206379,2.4000113903295164,0.4911891525204322,0.3628571428571422,0.1794871794871795,0.10077652424205671,0.32418702521295134
7,1.0,3,1.0,pulse,5.350156250185634,78.16666666666666,47,6.1607348607640855,0.1711315239101135,2.4060080884245187,0.32364916473505884,0.205714285714285,0.7692307692307693,0.4318695759535245,0.3367807118689748
6,1.0,6,1.0,pulse,6.3756890968101,81.44444444444444,24,3.1475272482033807,0.08743131245009389,2.4000113903295164,0.55303468649013,0.374285714285714,0.1794871794871795,0.10085013237134657,0.3448059874740911
8,2.0,4,1.3,wave,5.395625230700031,79.72222222222223,36,6.122756199472737,0.17007656109646493,3.121032661799397,0.33381941511104263,0.2857142857142858,0.48717948717948717,0.4276973857346187,0.34628370821406174
7,0.5,4,1.3,pulse,5.797953359319953,78.83333333333333,36,6.129614240363637,0.1702670622323232,3.121032661799397,0.4238099483289578,0.23999999999999952,0.48717948717948717,0.42845078383115415,0.34836059256641877
8,2.0,4,1.6,pulse,5.042217187198155,79.38888888888889,36,7.526451882116907,0.20906810783658072,3.841270968368489,0.2547710562818278,0.2685714285714282,0.48717948717948717,0.5819020153428341,0.3496482587141152
8,0.5,6,1.0,pulse,6.790032578106672,80.66666666666666,24,3.147519917989257,0.08743110883303491,2.4000113903295164,0.6457127474180318,0.3342857142857136,0.1794871794871795,0.10084932710210776,0.3499753416522185
8,2.0,4,1.0,wave,6.518209471255561,78.77777777777779,35,4.590204322103494,0.12750567561398593,2.4007943552303055,0.584912856517064,0.23714285714285732,0.46153846153846156,0.2593371082705418,0.35096376765150633
8,0.5,3,1.3,wave,4.772475381647836,78.44444444444446,47,8.013565466223382,0.2225990407284273,3.1278105149518742,0.19443669935803398,0.22000000000000042,0.7692307692307693,0.6354144473770862,0.35161514123800286
8,2.0,8,1.6,pulse,6.512517138245714,81.83333333333334,18,3.7770491641052297,0.10491803233625638,3.8400003199597705,0.5836396269157254,0.3942857142857146,0.02564102564102564,0.17000699811665987,0.3599039803449375
7,2.0,8,1.0,pulse,6.871156127101495,82.22222222222221,19,2.4202834812026897,0.06723009670007472,2.4000001999748566,0.6638580147042532,0.41428571428571365,0.05128205128205128,0.020957918473547672,0.3617128639275491
6,1.0,4,1.3,pulse,5.1103997341114535,80.94444444444444,37,6.1944966334526885,0.17206935092924133,3.121032661799397,0.27002175171276976,0.34857142857142825,0.5128205128205128,0.43557851494702177,0.3627603350567908
7,1.0,6,1.0,wave,7.154724947908921,80.61111111111111,24,3.147481400995447,0.08743003891654019,2.4000113903295164,0.7272851220158154,0.33142857142857135,0.1794871794871795,0.10084509577274091,0.3690818747500771
6,2.0,6,1.3,pulse,6.802448872767112,80.61111111111111,24,4.091077272847706,0.11364103535688072,3.120014807428371,0.6484899556160182,0.33142857142857135,0.1794871794871795,0.2045049229830978,0.3701150485921991
8,1.0,6,1.6,pulse,6.123181447354772,81.38888888888889,24,5.036061420390678,0.13989059501085216,3.8400182245272254,0.49655517039456504,0.37142857142857105,0.1794871794871795,0.3083172608418292,0.370893819858582
8,0.5,3,1.3,pulse,4.830343829760507,78.83333333333333,49,8.327774865056359,0.2313270795848989,3.1278105149518742,0.20738039414769682,0.23999999999999952,0.8205128205128205,0.6699322880782759,0.3758828382038612
6,2.0,6,1.0,wave,6.945600600151601,81.55555555555556,24,3.147519917989257,0.08743110883303491,2.4000113903295164,0.6805093431805542,0.3799999999999999,0.1794871794871795,0.10084932710210776,0.379245919164278
8,1.0,8,1.6,wave,7.173977976042799,81.22222222222221,18,3.7770491002317956,0.10491803056199432,3.8400003199597705,0.7315915329887951,0.3628571428571422,0.02564102564102564,0.1700069910997691,0.3827490983169691
7,0.5,6,1.3,wave,6.858535471103773,81.05555555555556,24,4.091803422628035,0.11366120618411209,3.120014807428371,0.6610350960913024,0.35428571428571415,0.1794871794871795,0.2045846950158114,0.3835530024032772
8,2.0,3,1.3,pulse,5.194096612630204,78.94444444444444,47,8.012454902242036,0.22256819172894543,3.1278105149518742,0.288742607130992,0.2457142857142854,0.7692307692307693,0.6352924450730846,0.38673864629187027
8,0.5,6,1.6,pulse,5.938115174115764,82.27777777777779,25,5.230740840280347,0.14529835667445404,3.8400182245272254,0.45516056876291067,0.4171428571428573,0.20512820512820512,0.3297039960206954,0.38795804762197306
8,1.0,4,1.6,wave,5.351834862058044,80.33333333333333,36,7.554199963061901,0.2098388878628306,3.841270968368489,0.32402462736548004,0.31714285714285667,0.48717948717948717,0.5849503132020976,0.38942845391402375
7,0.5,4,1.6,wave,5.384389241711433,80.11111111111111,37,7.592612672745585,0.21090590757626626,3.841270968368489,0.33130621116534026,0.30571428571428566,0.5128205128205128,0.5891701863143824,0.3895140699076914
7,1.0,3,1.6,pulse,4.634407548194169,78.55555555555556,48,9.901954921584387,0.27505430337734404,3.8496129414792297,0.16355444910285605,0.22571428571428556,0.7948717948717948,0.8428656778114971,0.39052035589662143
8,0.5,3,1.0,wave,5.836302388352036,79.11111111111111,48,6.278716858556045,0.1744088016265568,2.4060080884245187,0.43238764729031137,0.2542857142857142,0.7948717948717948,0.44483062619745994,0.3909787879778207
8,2.0,8,1.3,pulse,6.976405094477621,82.5,19,3.2055004117724213,0.0890416781047895,3.1200002599673136,0.6873995222973258,0.4285714285714284,0.05128205128205128,0.10721884200400743,0.3912789969604808
8,0.5,3,1.6,wave,4.831043624641822,78.38888888888889,47,9.86321501693903,0.273978194914973,3.8496129414792297,0.20753692040085434,0.21714285714285675,0.7692307692307693,0.83860986031433,0.39424356480044204
8,1.0,8,1.6,pulse,6.811301600155625,82.33333333333334,19,3.9744976164073536,0.11040271156687091,3.8400003199597705,0.6504700847729276,0.42000000000000026,0.05128205128205128,0.1916979285871518,0.39508531203886743
7,1.0,8,1.0,pulse,7.481985206057135,82.27777777777779,19,2.444064605059105,0.06789068347386402,2.4000001999748566,0.8004848886660164,0.4171428571428573,0.05128205128205128,0.02357042162596724,0.39767779733418845
8,2.0,6,1.3,pulse,7.078426429469484,81.27777777777779,24,4.091752000093809,0.11365977778038358,3.120014807428371,0.7102190909091803,0.3657142857142859,0.1794871794871795,0.2045790459332204,0.40099072843408573
8,2.0,3,1.0,pulse,5.141759101524373,81.22222222222221,48,6.295831747492766,0.17488421520813235,2.4060080884245187,0.27703604177631924,0.3628571428571422,0.7948717948717948,0.4467108023224597,0.40137406468146525
8,2.0,6,1.3,wave,6.90333385665609,81.77777777777779,24,4.091797588729376,0.11366104413137156,3.120014807428371,0.6710553514907533,0.3914285714285716,0.1794871794871795,0.20458405412605654,0.40277222378947486
8,1.0,6,1.0,wave,7.368484983516678,81.72222222222221,24,3.1475403700841893,0.08743167694678303,2.4000113903295164,0.7750977859004109,0.38857142857142796,0.1794871794871795,0.10085157389089733,0.4067506220591427
8,2.0,3,1.0,wave,5.6313138095845146,80.5,48,6.292679453432891,0.17479665148424692,2.4060080884245187,0.3865369344153518,0.3257142857142855,0.7948717948717948,0.44636450337466815,0.4119657423373796
7,0.5,8,1.6,wave,6.537921379081237,83.77777777777777,19,3.9868617238412964,0.11074615899559158,3.8400003199597705,0.5893219071645039,0.4942857142857138,0.05128205128205128,0.19305620205829038,0.4134984937595604
8,1.0,3,1.0,pulse,5.4361722368261045,80.83333333333333,49,6.423074865537621,0.17841874626493393,2.4060080884245187,0.3428887454464377,0.3428571428571424,0.8205128205128205,0.460689243754537,0.414197031449513
6,1.0,3,1.0,pulse,5.290418407130692,81.27777777777779,49,6.3794494086149625,0.17720692801708224,2.4060080884245187,0.31028733401185593,0.3657142857142859,0.8205128205128205,0.45589671820257727,0.4153738877661901
5,1.0,6,1.3,wave,5.9875450953123215,84.33333333333334,25,4.262280781955151,0.11839668838764306,3.120014807428371,0.46621678046915194,0.5228571428571431,0.20512820512820512,0.22331268454848882,0.41701526682552065
6,2.0,8,1.3,wave,7.039000594893245,83.55555555555556,19,3.1633830885867993,0.08787175246074441,3.1200002599673136,0.7014005380323347,0.4828571428571427,0.05128205128205128,0.10259199424616994,0.418282452771237
7,1.0,8,1.3,pulse,6.991093951532743,83.61111111111111,19,3.2392479147211963,0.08997910874225544,3.1200002599673136,0.6906850446973788,0.48571428571428565,0.05128205128205128,0.11092621337856,0.41855613754969034
7,1.0,4,1.3,pulse,5.760808961305948,81.77777777777779,37,6.298267405937565,0.1749518723871546,3.121032661799397,0.41550169457895314,0.3914285714285716,0.5128205128205128,0.4469783744272801,0.4206960069551028
6,1.0,3,1.3,pulse,4.751423541204519,81.0,49,8.321571290195408,0.23115475806098357,3.1278105149518742,0.1897279399849049,0.3514285714285712,0.8205128205128205,0.6692507871122847,0.4214762816128223
8,0.5,4,1.6,wave,5.322944600727133,81.5,37,7.762463555854126,0.2156239876626146,3.841270968368489,0.317562613310207,0.37714285714285695,0.5128205128205128,0.6078293535699536,0.4219528610378794
7,0.5,8,1.3,wave,7.731381107396095,82.05555555555556,19,3.231121202192828,0.08975336672757855,3.1200002599673136,0.8562683861332236,0.4057142857142856,0.05128205128205128,0.11003344387669131,0.4237734190082778
6,1.0,4,1.3,wave,5.6710496822793335,81.88888888888889,38,6.463744814794416,0.17954846707762265,3.121032661799397,0.39542483490580954,0.39714285714285674,0.5384615384615384,0.4651570885579885,0.4244480659984895
7,0.5,6,1.6,wave,6.436783354684647,82.66666666666667,25,5.244562259615577,0.14568228498932156,3.8400182245272254,0.5666999125869043,0.43714285714285717,0.20512820512820512,0.3312223641937984,0.425146557212592
8,2.0,3,1.6,pulse,4.981366564800588,79.38888888888889,47,9.863458792169597,0.2739849664491554,3.8496129414792297,0.24116032522262268,0.2685714285714282,0.7692307692307693,0.8386366405271654,0.42579762919130837
6,1.0,6,1.6,wave,6.169072462127019,83.38888888888889,25,5.2450081618269175,0.1456946711618588,3.8400182245272254,0.5068198190618899,0.4742857142857139,0.20512820512820512,0.3312713493023169,0.42690061656732764
8,1.0,8,1.0,pulse,7.655753127428865,83.11111111111111,19,2.4913462273509146,0.06920406187085874,2.4000001999748566,0.8393523373677785,0.45999999999999996,0.05128205128205128,0.02876459949723471,0.4277192093695966
8,0.5,4,1.3,pulse,6.063614182668586,81.44444444444444,37,6.306337072571188,0.1751760297936441,3.121032661799397,0.48323149369855517,0.374285714285714,0.5128205128205128,0.4478648770857164,0.4300914715524046
6,0.5,6,1.6,wave,6.245089791513284,83.44444444444444,25,5.245725588139148,0.1457145996705319,3.8400182245272254,0.5238229553544915,0.47714285714285687,0.20512820512820512,0.331350163008248,0.4324528776673786
5,1.0,4,1.0,pulse,6.022974895371639,82.88888888888889,38,4.896147921050618,0.13600410891807274,2.4007943552303055,0.47414152242065016,0.4485714285714282,0.5384615384615384,0.29294689986566563,0.43282805728159224
7,0.5,4,1.0,pulse,6.008416014847718,83.0,38,4.966333447727857,0.13795370688132938,2.4007943552303055,0.47088507245306355,0.45428571428571407,0.5384615384615384,0.30065721291922853,0.4361274359718368
5,1.0,4,1.6,wave,4.936404180051071,83.11111111111111,37,7.7640262879580435,0.2156673968877234,3.841270968368489,0.23110338738872718,0.45999999999999996,0.5128205128205128,0.6080010293314745,0.43765810399552796
6,0.5,6,1.3,pulse,6.408101399945132,83.94444444444444,26,4.427299411353796,0.12298053920427211,3.120014807428371,0.5602844913992413,0.5028571428571426,0.23076923076923078,0.2414409989256757,0.4377219599975827
7,2.0,8,1.3,wave,7.728688006062026,82.77777777777777,19,3.2167538701705456,0.08935427417140403,3.1200002599673136,0.8556660081043892,0.44285714285714234,0.05128205128205128,0.10845510382738593,0.44002144220549366
7,1.0,8,1.0,wave,7.007773009251064,85.27777777777777,19,2.491802975938293,0.06921674933161925,2.4000001999748566,0.6944157241872587,0.571428571428571,0.05128205128205128,0.028814776147068174,0.4416379485472903
6,0.5,4,1.3,pulse,5.31756492226051,83.5,38,6.478654601432668,0.1799626278175741,3.121032661799397,0.3163593165498911,0.4799999999999998,0.5384615384615384,0.46679502059305616,0.4422949871022378
7,2.0,3,1.6,pulse,4.78474390029785,80.38888888888889,48,9.959102002243224,0.276641722284534,3.8496129414792297,0.19718085383437114,0.3199999999999996,0.7948717948717948,0.8491436371406779,0.44261112037390765
6,1.0,8,1.0,pulse,7.181544728424033,84.94444444444444,19,2.4918027123089157,0.06921674200858098,2.4000001999748566,0.7332840223602216,0.554285714285714,0.05128205128205128,0.028814747185754833,0.44364073158398276
8,1.0,8,1.3,pulse,7.374388093543223,83.77777777777777,19,3.239341745147058,0.08998171514297383,3.1200002599673136,0.7764181609404435,0.4942857142857138,0.05128205128205128,0.11093652122964542,0.44384862103781625
6,1.0,6,1.3,wave,6.762554129545136,83.66666666666667,25,4.260962781891642,0.11836007727476783,3.120014807428371,0.6395665198436985,0.4885714285714286,0.20512820512820512,0.2231678941112666,0.44489517215314134
6,0.5,4,1.0,wave,6.049980702024363,83.27777777777777,38,4.981834663743944,0.13838429621510953,2.4007943552303055,0.48018203206384846,0.46857142857142803,0.5384615384615384,0.30236011711975647,0.44522082814320985
8,0.5,4,1.0,wave,6.7316234370094215,81.88888888888889,37,4.852192379785157,0.1347831216606988,2.4007943552303055,0.6326481134085424,0.39714285714285674,0.5128205128205128,0.28811811251248315,0.44578198785096906
5,1.0,6,1.6,wave,5.749503561910198,85.22222222222223,25,5.245902138985164,0.14571950386069898,3.8400182245272254,0.4129729652968251,0.5685714285714287,0.20512820512820512,0.3313695582077585,0.4458871163357214
6,0.5,3,1.0,wave,5.362491299498236,82.22222222222221,50,6.519377459900612,0.18109381833057256,2.4060080884245187,0.3264082004224666,0.41428571428571365,0.8461538461538461,0.47126867779972936,0.4468997417095183
7,1.0,6,1.6,wave,6.14128679310561,84.33333333333334,25,5.245874457273513,0.14571873492426424,3.8400182245272254,0.500604874112278,0.5228571428571431,0.20512820512820512,0.3313665172009756,0.4472230567667995
8,2.0,4,1.3,pulse,5.979258753493746,82.38888888888889,37,6.306702821916421,0.17518618949767836,3.121032661799397,0.4643633373076275,0.4228571428571425,0.5128205128205128,0.4479050569074601,0.44723961127616424
6,1.0,8,1.3,pulse,6.872932200956838,85.16666666666667,19,3.239320865874703,0.08998113516318618,3.1200002599673136,0.6642552770926053,0.5657142857142857,0.05128205128205128,0.11093422751278086,0.4479502984753412
7,1.0,4,1.6,wave,5.055775045416945,83.0,38,7.951223255327532,0.22086731264798695,3.841270968368489,0.25780360311017647,0.45428571428571407,0.5384615384615384,0.6285657709445687,0.4484387802411831
8,1.0,4,1.0,pulse,6.58036345111008,82.38888888888889,37,4.852399495239425,0.1347888748677618,2.4007943552303055,0.5988151153720686,0.4228571428571425,0.5128205128205128,0.28814086542275164,0.44889971749533286
8,0.5,6,1.3,pulse,6.90372229407704,83.5,25,4.262152040363059,0.11839311223230718,3.120014807428371,0.6711422350272165,0.4799999999999998,0.20512820512820512,0.22329854149043915,0.4489580875677124
7,0.5,6,1.3,pulse,7.0201289727511575,83.22222222222221,25,4.262200045041078,0.1183944456955855,3.120014807428371,0.6971794378445878,0.4657142857142851,0.20512820512820512,0.22330381510044237,0.44903987156548425
7,2.0,4,1.0,wave,5.92295097387421,83.77777777777777,38,4.957674076847127,0.13771316880130907,2.4007943552303055,0.45176872422486725,0.4942857142857138,0.5384615384615384,0.2997059276115842,0.4491580918532587
8,0.5,6,1.3,wave,6.775132548082587,83.83333333333334,25,4.262232087635605,0.11839533576765568,3.120014807428371,0.6423799910148694,0.49714285714285744,0.20512820512820512,0.22330733517710974,0.44948357101624564
8,0.5,8,1.3,pulse,7.519236041049015,83.72222222222221,19,3.2393251506210534,0.08998125418391816,3.1200002599673136,0.8088169496512395,0.4914285714285708,0.05128205128205128,0.11093469821859846,0.4506622393275916
7,2.0,3,1.0,pulse,5.241312655588154,82.77777777777777,50,6.451061830763779,0.17919616196566052,2.4060080884245187,0.2993036307830069,0.44285714285714234,0.8461538461538461,0.4637637845256734,0.45147976350198504
7,0.5,6,1.6,pulse,6.454480829519548,83.83333333333334,25,5.245824107859205,0.14571733632942235,3.8400182245272254,0.5706583859913525,0.49714285714285744,0.20512820512820512,0.3313609860072273,0.45316389992638995
6,0.5,8,1.3,wave,6.956317298812759,85.22222222222223,19,3.2393441799112557,0.08998178277531266,3.1200002599673136,0.6829063951345438,0.5685714285714287,0.05128205128205128,0.1109367887035117,0.45389930450968635
7,2.0,6,1.3,pulse,6.9264751365606365,83.72222222222221,25,4.258632670613347,0.11829535196148185,3.120014807428371,0.6762314651398253,0.4914285714285708,0.20512820512820512,0.22291191701376736,0.45529592734338714
8,1.0,4,1.0,wave,6.292134994204442,83.22222222222221,38,4.896147921050618,0.13600410891807274,2.4007943552303055,0.5343457663994078,0.4657142857142851,0.5384615384615384,0.29294689986566563,0.45559340399056725
7,0.5,3,1.3,wave,5.056150935676623,81.77777777777779,49,8.354770782852523,0.23207696619034784,3.1278105149518742,0.25788768016692093,0.3914285714285716,0.8205128205128205,0.6728979561758294,0.4572456504710354
8,1.0,3,1.0,wave,5.937292708678907,81.33333333333333,50,6.486756689118911,0.18018768580885863,2.4060080884245187,0.4549766042375617,0.3685714285714281,0.8461538461538461,0.46768508490411603,0.4577536955127409
8,0.5,3,1.0,pulse,5.837705684338347,81.55555555555556,50,6.546849450467866,0.18185692917966292,2.4060080884245187,0.4327015287842647,0.3799999999999999,0.8461538461538461,0.4742866454279005,0.4586480958970308
8,2.0,8,1.3,wave,7.16361832327928,84.94444444444444,19,3.2393396319565646,0.08998165644323791,3.1200002599673136,0.7292743430887515,0.554285714285714,0.05128205128205128,0.11093628908263427,0.45906262014549115
8,1.0,6,1.0,pulse,7.471199299379751,83.55555555555556,25,3.2783844594381755,0.09106623498439376,2.4000113903295164,0.7980723566452851,0.4828571428571427,0.20512820512820512,0.11522560423431785,0.46036174480671954
6,0.5,4,1.6,pulse,5.1568637308446235,83.27777777777777,38,7.970261064299433,0.22139614067498423,3.841270968368489,0.28041456181977453,0.46857142857142803,0.5384615384615384,0.630657191697202,0.46093837549768046
8,1.0,8,1.0,wave,8.167022680773758,83.33333333333334,19,2.491599650781576,0.06921110141059933,2.4000001999748566,0.9537102866402176,0.4714285714285717,0.05128205128205128,0.028792439624366527,0.4614571218559901
5,0.5,8,1.6,wave,6.6799285144390534,85.33333333333334,20,4.120339434864517,0.11445387319068102,3.8400003199597705,0.6210852787076134,0.5742857142857146,0.07692307692307693,0.20771955198789605,0.46293610919536177
8,0.5,8,1.0,pulse,7.539213069975484,84.94444444444444,19,2.49180325024762,0.06921675695132277,2.4000001999748566,0.8132853011218896,0.554285714285714,0.05128205128205128,0.028814806281639835,0.46364106309357683
7,1.0,3,1.3,wave,5.207271125317969,81.72222222222221,49,8.35304826263107,0.23202911840641857,3.1278105149518742,0.29168940934868665,0.38857142857142796,0.8205128205128205,0.6727087267039246,0.46437252258638123
7,1.0,4,1.0,wave,6.215293464893548,83.72222222222221,38,4.97738889860759,0.1382608027390997,2.4007943552303055,0.5171582776208142,0.4914285714285708,0.5384615384615384,0.30187172239527793,0.4646529248732698
8,0.5,8,1.0,wave,8.02414321061187,83.94444444444444,19,2.4917967361151376,0.06921657600319828,2.4000001999748566,0.9217517960671952,0.5028571428571426,0.05128205128205128,0.028814090664003422,0.4676146865635187
7,2.0,6,1.3,wave,6.80974220984419,84.55555555555556,25,4.262232087635605,0.11839533576765568,3.120014807428371,0.6501212889626464,0.5342857142857141,0.20512820512820512,0.22330733517710974,0.46813318121747544
7,2.0,6,1.0,pulse,7.348994920001596,84.33333333333334,25,3.278578492586969,0.09107162479408246,2.4000113903295164,0.7707383561628242,0.5228571428571431,0.20512820512820512,0.1152469199726302,0.471532507833767
7,2.0,6,1.0,wave,7.317283008768308,84.44444444444444,25,3.278523170813277,0.09107008807814658,2.4000113903295164,0.7636452110451017,0.5285714285714282,0.20512820512820512,0.11524084253453097,0.47232943463814486
8,1.0,4,1.6,pulse,5.705251636832272,82.55555555555556,38,7.8594767348550425,0.21831879819041786,3.841270968368489,0.40307493915746,0.43142857142857133,0.5384615384615384,0.618486849720951,0.47245511572256615
8,0.5,3,1.6,pulse,4.7591653342795315,81.05555555555556,50,10.481111211559785,0.2911419780988829,3.8496129414792297,0.19145958149173392,0.35428571428571415,0.8461538461538461,0.9064895688622213,0.4732067651893338
7,1.0,6,1.0,pulse,6.588284530700517,86.16666666666667,26,3.4046692180569043,0.0945741449460251,2.4000113903295164,0.6005868586962306,0.6171428571428572,0.23076923076923078,0.129098763971677,0.47675767625960186
7,2.0,3,1.3,pulse,5.252826213050776,82.16666666666667,49,8.352499124544702,0.23201386457068615,3.1278105149518742,0.3018789197115999,0.4114285714285715,0.8205128205128205,0.672648400497711,0.47719354922158136
6,0.5,8,1.6,pulse,6.619514128867065,86.11111111111111,20,4.168917753133697,0.11580327092038045,3.8400003199597705,0.6075721226916393,0.6142857142857142,0.07692307692307693,0.21305617991110654,0.47862514577601023
8,0.5,8,1.6,wave,7.434049957933877,84.44444444444444,19,3.986884991528874,0.1107468053202465,3.8400003199597705,0.7897629971757493,0.5285714285714282,0.05128205128205128,0.19305875815730036,0.47903784891074525
5,2.0,6,1.6,wave,5.809023823842734,86.44444444444444,26,5.414085222616937,0.1503912561838038,3.8400182245272254,0.42628612867655724,0.6314285714285711,0.23076923076923078,0.3498455074027803,0.48376041386947544
8,1.0,6,1.3,pulse,7.003741129807485,84.83333333333334,25,4.262291762704092,0.118396993408447,3.120014807428371,0.6935138956667359,0.5485714285714288,0.20512820512820512,0.2233138908514961,0.48541121545694665
8,1.0,8,1.3,wave,7.666122429265715,84.88888888888889,19,3.239343357160549,0.08998175992112635,3.1200002599673136,0.8416716855192402,0.551428571428571,0.05128205128205128,0.11093669831927133,0.4858763233147264
8,1.0,3,1.3,pulse,4.916267592523613,83.16666666666667,50,8.510904285608223,0.23641400793356177,3.1278105149518742,0.22659934673166165,0.4628571428571429,0.8461538461538461,0.6900501845822904,0.4875609725004725
5,0.5,6,1.3,wave,6.6018075682901625,85.72222222222223,26,4.4227232558074485,0.12285342377242911,3.120014807428371,0.6036116170386127,0.5942857142857144,0.23076923076923078,0.24093828001033013,0.4895960547672138
7,1.0,8,1.6,pulse,6.985726629021689,86.0,19,3.9868852474965437,0.11074681243045954,3.8400003199597705,0.6894845116489462,0.6085714285714284,0.05128205128205128,0.19305878627692785,0.48996823315297
6,2.0,8,1.0,pulse,6.8103305184590415,87.72222222222223,20,2.551431022933908,0.07087308397038633,2.4000001999748566,0.6502528785836078,0.6971428571428573,0.07692307692307693,0.03536528493249053,0.4910428700389936
6,1.0,6,1.3,pulse,6.200015423578778,86.77777777777777,26,4.432709538567411,0.12313082051576141,3.120014807428371,0.5137409697404092,0.648571428571428,0.23076923076923078,0.24203533477312755,0.4917763753237935
7,0.5,3,1.0,wave,5.789464848299211,83.11111111111111,50,6.554244867924389,0.18206235744234414,2.4060080884245187,0.4219112850771414,0.45999999999999996,0.8461538461538461,0.4750990776550433,0.4921130214156787
6,2.0,8,1.0,wave,7.161319445548998,87.05555555555556,20,2.601681264515441,0.07226892401431782,2.4000001999748566,0.7287601428177923,0.6628571428571427,0.07692307692307693,0.040885583945027906,0.4963451744714755
7,2.0,4,1.3,wave,6.150058513189323,83.83333333333334,38,6.473340736706906,0.17981502046408068,3.121032661799397,0.5025668840027606,0.49714285714285744,0.5384615384615384,0.466211259773702,0.49644441251587024
8,0.5,6,1.6,wave,7.231704355358706,83.94444444444444,25,5.245896272775681,0.14571934091043556,3.8400182245272254,0.7445034506148321,0.5028571428571426,0.20512820512820512,0.3313689137684604,0.4991981802059348
8,2.0,6,1.6,wave,6.619281517881368,85.44444444444444,25,5.245838595360583,0.1457177387600162,3.8400182245272254,0.6075200935513775,0.5799999999999997,0.20512820512820512,0.3313625775486216,0.4996653594103891
6,2.0,3,1.0,wave,5.589391409525798,83.94444444444444,50,6.556591742872206,0.1821275484131168,2.4060080884245187,0.3771599635632277,0.5028571428571426,0.8461538461538461,0.4753568963450482,0.5002624690609153
7,2.0,3,1.3,wave,4.748642338265148,84.11111111111111,50,8.5230201276475,0.23675055910131942,3.1278105149518742,0.18910585587569828,0.5114285714285713,0.8461538461538461,0.6913811845683693,0.5003109426408402
7,1.0,8,1.3,wave,7.622991341772307,85.66666666666667,19,3.239344225321906,0.08998178403671961,3.1200002599673136,0.8320243621389078,0.5914285714285715,0.05128205128205128,0.11093679369215176,0.5014645115442197
7,2.0,4,1.3,pulse,6.345752665664818,83.66666666666667,38,6.437393096425219,0.17881647490070052,3.121032661799397,0.546338670950162,0.4885714285714286,0.5384615384615384,0.4622621897413109,0.5027404023890994
7,0.5,8,1.6,pulse,7.125820786680249,85.94444444444444,20,4.168917753133697,0.11580327092038045,3.8400003199597705,0.7208199989081988,0.6057142857142854,0.07692307692307693,0.21305617991110654,0.5030799719730072
7,1.0,6,1.6,pulse,6.5937395068689355,85.55555555555556,26,5.379357152759921,0.14942658757666447,3.8400182245272254,0.601806997630515,0.5857142857142856,0.23076923076923078,0.3460304147046096,0.5063061839969023
7,2.0,6,1.6,wave,6.863374380151967,85.16666666666667,25,5.2458840393294155,0.14571900109248376,3.8400182245272254,0.6621174365354908,0.5657142857142857,0.20512820512820512,0.33136756984892457,0.5068871221879067
6,1.0,8,1.3,wave,7.191938907520038,86.72222222222223,20,3.3997711175815586,0.09443808659948773,3.1200002599673136,0.735608934919581,0.6457142857142858,0.07692307692307693,0.12856067741992405,0.5078781054776162
5,1.0,6,1.6,pulse,6.138247409415767,86.66666666666667,26,5.453730364019376,0.1514925101116493,3.8400182245272254,0.49992504155908074,0.6428571428571429,0.23076923076923078,0.35420077074177714,0.508184051900763
7,0.5,8,1.0,wave,7.581884582460964,86.55555555555556,20,2.6166253895718548,0.07268403859921818,2.4000001999748566,0.8228298293032908,0.637142857142857,0.07692307692307693,0.042527288267151506,0.5086195083858462
8,2.0,3,1.6,wave,4.205287566001854,83.94444444444444,50,10.489043677546956,0.2913623243763043,3.8496129414792297,0.06757126208480432,0.5028571428571426,0.8461538461538461,0.9073609991833057,0.5092661142589611
7,2.0,8,1.3,pulse,7.527963117828444,86.33333333333333,19,3.2393442500860825,0.0899817847246134,3.1200002599673136,0.8107689739740439,0.6257142857142852,0.05128205128205128,0.11093679641264931,0.5115792364756744
6,2.0,8,1.3,pulse,6.794577004501162,87.83333333333333,20,3.409571350266633,0.09471031528518424,3.1200002599673136,0.646729219609058,0.7028571428571424,0.07692307692307693,0.1296372934343222,0.5115877855671507
6,1.0,3,1.6,wave,3.903191129288514,84.5,51,10.680663777342772,0.2966851049261881,3.8496129414792297,0.0,0.5314285714285713,0.8717948717948718,0.9284116491780693,0.5120046741579581
6,0.5,6,1.3,wave,6.631779433292912,86.61111111111111,26,4.432786198382776,0.1231329499550771,3.120014807428371,0.610315558228071,0.64,0.23076923076923078,0.2420437563267309,0.512064563899287
7,2.0,6,1.6,pulse,6.896055752678382,85.38888888888889,25,5.245899456205257,0.1457194293390349,3.8400182245272254,0.6694274253996396,0.5771428571428567,0.20512820512820512,0.3313692634878367,0.5138578152745834
7,1.0,8,1.6,wave,7.8918954679279025,84.88888888888889,19,3.9868841318899064,0.11074678144138628,3.8400003199597705,0.8921713515633042,0.551428571428571,0.05128205128205128,0.193058663720657,0.5149256329060196
5,0.5,6,1.0,wave,6.81872520632835,87.27777777777777,26,3.4098041033474216,0.09471678064853949,2.4000113903295164,0.6521305559912212,0.6742857142857138,0.23076923076923078,0.12966286279601286,0.5154707060625021
5,2.0,4,1.6,wave,5.052167592575688,85.88888888888889,38,7.973881597309568,0.22149671103637686,3.841270968368489,0.2569967079873901,0.6028571428571425,0.5384615384615384,0.6310549295820692,0.5155920310451294
6,2.0,8,1.6,pulse,6.417177244589923,88.27777777777777,20,4.196322526146093,0.11656451461516926,3.8400003199597705,0.5623145261914625,0.7257142857142852,0.07692307692307693,0.21606676327623683,0.518055720466849
7,2.0,8,1.6,pulse,7.327840364650516,86.38888888888889,19,3.986885083269981,0.11074680786861058,3.8400003199597705,0.7660066220865572,0.6285714285714282,0.05128205128205128,0.1930587682356269,0.5180987571541125
5,0.5,8,1.3,pulse,7.131577423457506,87.33333333333333,20,3.409512052493701,0.09470866812482504,3.1200002599673136,0.7221076116209967,0.6771428571428567,0.07692307692307693,0.12963077920817995,0.5188596521534783
5,0.5,6,1.0,pulse,6.826977251922431,87.44444444444444,26,3.4098224153367114,0.09471728931490866,2.4000113903295164,0.6539763279627142,0.6828571428571426,0.23076923076923078,0.1296648744809961,0.519789694249515
5,2.0,8,1.0,pulse,6.5184534988460445,89.61111111111111,20,2.6229488841520316,0.07285969122644531,2.4000001999748566,0.5849674392604153,0.7942857142857143,0.07692307692307693,0.043221963154039304,0.5200071315667908
7,1.0,3,1.0,wave,5.441261407591277,85.05555555555556,51,6.687339331346383,0.18575942587073285,2.4060080884245187,0.34402706304895253,0.5599999999999998,0.8717948717948718,0.48972032547154415,0.5231303180360342
6,2.0,8,1.6,wave,7.49298197788218,86.27777777777777,19,3.98688476150127,0.1107467989305908,3.8400003199597705,0.8029445858380887,0.6228571428571423,0.05128205128205128,0.1930587328873491,0.5247618124509111
6,2.0,4,1.0,pulse,6.070315370765343,86.5,39,5.111416296865013,0.14198378602402814,2.4007943552303055,0.48473037843248923,0.6342857142857141,0.5641025641025641,0.31659545885837415,0.5263405142186249
6,2.0,4,1.6,pulse,5.221920794557946,85.77777777777777,39,8.090265481958077,0.2247295967210577,3.841270968368489,0.2949661664347344,0.5971428571428566,0.5641025641025641,0.643840417239039,0.5276341671810333
8,1.0,3,1.6,pulse,4.755742873529156,83.5,50,10.492831028395514,0.291467528566542,3.8496129414792297,0.1906940643778793,0.4799999999999998,0.8461538461538461,0.9077770630367602,0.5298443133172065
7,1.0,4,1.3,wave,5.3119149563891135,87.05555555555556,39,6.649230633744233,0.1847008509373398,3.121032661799397,0.3150955633960312,0.6628571428571427,0.5641025641025641,0.48553384996175186,0.5305766315373288
7,2.0,3,1.0,wave,5.7118864465205395,84.83333333333334,51,6.657702788237767,0.1849361885621602,2.4060080884245187,0.40455897673567925,0.5485714285714288,0.8717948717948718,0.48646456839439534,0.532469287899429
5,0.5,4,1.3,wave,5.840311487387062,86.11111111111111,39,6.477940893913351,0.17994280260870418,3.121032661799397,0.4332843804148956,0.6142857142857142,0.5641025641025641,0.4667166154194664,0.5345032460264451
7,0.5,6,1.0,wave,7.073006715387895,87.5,26,3.4098224153367114,0.09471728931490866,2.4000113903295164,0.7090068392036786,0.6857142857142855,0.23076923076923078,0.1296648744809961,0.5348330363454704
7,0.5,8,1.3,pulse,7.422214517302032,87.33333333333333,20,3.4096197965471173,0.0947116610151977,3.1200002599673136,0.7871157111980519,0.6771428571428567,0.07692307692307693,0.12964261555708023,0.5351140443175222
8,1.0,3,1.3,wave,5.165432649192475,84.38888888888889,51,8.662613296401004,0.24062814712225014,3.1278105149518742,0.2823312101383225,0.5257142857142854,0.8717948717948718,0.7067163552536009,0.5356769893362164
6,0.5,8,1.6,wave,6.838433463413367,88.05555555555556,20,4.196678161767711,0.11657439338243641,3.8400003199597705,0.6565387900611586,0.7142857142857142,0.07692307692307693,0.21610583204305367,0.5364767430447794
7,0.5,3,1.3,pulse,5.100999989978467,84.55555555555556,51,8.69204629877115,0.24144573052142082,3.1278105149518742,0.2679192688723554,0.5342857142857141,0.8717948717948718,0.7099497521250627,0.5365778262511599
8,2.0,6,1.6,pulse,6.608923877994108,86.77777777777777,26,5.450220169079847,0.15139500469666242,3.8400182245272254,0.6052033538803758,0.648571428571428,0.23076923076923078,0.35381515417459997,0.5369979352390797
8,2.0,3,1.3,wave,5.0686745137722955,85.0,50,8.525534218482658,0.23682039495785157,3.1278105149518742,0.26068888493103143,0.5571428571428569,0.8461538461538461,0.6916573729550904,0.5388333661534462
6,1.0,6,1.6,pulse,6.638465840088222,86.83333333333333,26,5.455008101158869,0.15152800280996856,3.8400182245272254,0.6118111367621544,0.651428571428571,0.23076923076923078,0.3543411380484295,0.5400407920200045
7,2.0,3,1.6,wave,4.347391669939106,84.72222222222221,51,10.640875939659807,0.29557988721277234,3.8496129414792297,0.0993563230240761,0.5428571428571423,0.8717948717948718,0.9240407097724169,0.5411124241757036
5,0.5,8,1.0,wave,7.889274317798874,87.22222222222223,20,2.6222660813270946,0.0728407244813082,2.4000001999748566,0.891585067182531,0.6714285714285716,0.07692307692307693,0.04314695305176663,0.5413608222411509
5,0.5,6,1.6,wave,6.436149945696709,87.3888888888889,26,5.455642509006044,0.15154562525016785,3.8400182245272254,0.5665582351636401,0.6800000000000004,0.23076923076923078,0.35441083166386456,0.5415986482006062
5,1.0,8,1.6,wave,6.668587849020349,88.72222222222223,20,4.196692517077274,0.1165747921410354,3.8400003199597705,0.6185486613162918,0.7485714285714287,0.07692307692307693,0.21610740906236167,0.5424080976909958
7,1.0,6,1.3,wave,7.586532184267479,85.66666666666667,26,4.391363512990903,0.12198231980530283,3.120014807428371,0.8238693792005038,0.5914285714285715,0.23076923076923078,0.23749321881549557,0.5426857687830053
5,2.0,8,1.3,wave,6.988787991762657,88.72222222222223,20,3.409771761416904,0.09471588226158066,3.1200002599673136,0.6901692603548798,0.7485714285714287,0.07692307692307693,0.1296593098354403,0.5430236276052586
5,2.0,4,1.3,pulse,5.631509680099265,86.83333333333333,39,6.647992966957705,0.18466647130438066,3.121032661799397,0.38658074565003864,0.651428571428571,0.5641025641025641,0.4853978846305517,0.5432778768917335
7,0.5,4,1.3,wave,5.8662716096551275,86.27777777777777,39,6.648841421546932,0.18469003948741475,3.121032661799397,0.43909099715163497,0.6228571428571423,0.5641025641025641,0.4854910926009749,0.5435669385040742
6,0.5,8,1.0,wave,7.749351534453341,87.72222222222223,20,2.6228601031847294,0.07285722508846469,2.4000001999748566,0.8602879119828889,0.6971428571428573,0.07692307692307693,0.04321221001712482,0.5451210134057407
6,2.0,4,1.6,wave,5.449100331525521,86.0,39,8.090265481958077,0.2247295967210577,3.841270968368489,0.34578043024979205,0.6085714285714284,0.5641025641025641,0.643840417239039,0.545480590277655
6,2.0,6,1.6,wave,6.353889212916159,87.77777777777777,26,5.455561721845814,0.1515433811623837,3.8400182245272254,0.5481586088904014,0.6999999999999995,0.23076923076923078,0.35440195669596775,0.5459969666387168
8,0.5,6,1.0,wave,7.837633283772084,86.16666666666667,26,3.4083002236164663,0.09467500621156849,2.4000113903295164,0.8800342859733319,0.6171428571428572,0.23076923076923078,0.1294976523307,0.5466993107506818
6,2.0,4,1.3,wave,5.987444899731263,86.16666666666667,39,6.626729145959329,0.18407580960998135,3.121032661799397,0.4661943692750938,0.6171428571428572,0.5641025641025641,0.48306192272538057,0.5472855189883917
5,0.5,8,1.6,pulse,7.005267086939899,88.16666666666667,20,4.196692517077274,0.1165747921410354,3.8400003199597705,0.6938552133282293,0.7200000000000001,0.07692307692307693,0.21610740906236167,0.5483775928368374
8,2.0,6,1.0,wave,8.1296500376014,85.77777777777777,25,3.278688966744057,0.09107469352066826,2.4000113903295164,0.945350980274093,0.5971428571428566,0.20512820512820512,0.11525905624025978,0.5486166625436814
5,1.0,8,1.3,wave,7.437035133885665,88.0,20,3.409512052493701,0.09470866812482504,3.1200002599673136,0.7904307048415598,0.7114285714285712,0.07692307692307693,0.12963077920817995,0.5513689968871907
6,0.5,4,1.6,wave,5.333153633233125,86.27777777777777,40,8.35196015720307,0.2319988932556408,3.841270968368489,0.31984611330312246,0.6228571428571423,0.5897435897435898,0.6725891916105464,0.5537394399079629
7,2.0,8,1.6,wave,6.915257377894526,88.66666666666667,20,4.196455134211837,0.11656819817255101,3.8400003199597705,0.6737223388519469,0.7457142857142858,0.07692307692307693,0.21608133109026792,0.5549105871947767
6,1.0,4,1.0,wave,6.156543140750647,87.6111111111111,39,5.114792795187872,0.14207757764410756,2.4007943552303055,0.5040173296724803,0.6914285714285707,0.5641025641025641,0.31696638802748617,0.5569507235767306
7,1.0,4,1.0,pulse,6.831640657783645,86.0,39,5.107122102895226,0.14186450285820074,2.4007943552303055,0.6550194128235758,0.6085714285714284,0.5641025641025641,0.31612371516152854,0.5572469955055989
8,0.5,8,1.6,pulse,7.831267710174218,86.66666666666667,20,4.194712299349529,0.11651978609304248,3.8400003199597705,0.8786104696364655,0.6428571428571429,0.07692307692307693,0.2158898699297519,0.5598086133730887
6,0.5,6,1.0,wave,7.224058959172123,88.22222222222223,26,3.4098362614625897,0.09471767392951637,2.4000113903295164,0.7427933706314792,0.722857142857143,0.23076923076923078,0.12966639556333537,0.5599942591331744
7,0.5,3,1.6,wave,4.648223262760758,85.0,51,10.702503421625007,0.2972917617118057,3.8496129414792297,0.16664467181459788,0.5571428571428569,0.8717948717948718,0.9308108688230091,0.5657171146120241
5,1.0,8,1.3,pulse,7.4734847153463155,88.55555555555556,20,3.409793149396557,0.09471647637212656,3.1200002599673136,0.7985835458633033,0.7399999999999999,0.07692307692307693,0.12966165943693958,0.5662705260455214
8,0.5,4,1.6,pulse,6.083299547584783,85.33333333333334,39,8.182145190101792,0.2272818108361609,3.841270968368489,0.48763460737463454,0.5742857142857146,0.5641025641025641,0.6539339699499253,0.5675342736724717
6,0.5,6,1.6,pulse,6.772220347232569,87.44444444444444,27,5.665358000932038,0.15737105558144548,3.8400182245272254,0.6417286060166847,0.6828571428571426,0.2564102564102564,0.37744937210778384,0.5688487658524678
5,0.5,6,1.6,pulse,6.162783242177271,89.0,27,5.642859910298787,0.15674610861941074,3.8400182245272254,0.5054130810872323,0.7628571428571427,0.2564102564102564,0.37497781806947744,0.5702755738124434
6,1.0,6,1.0,wave,7.6409558659596195,87.72222222222223,26,3.4097012011458707,0.09471392225405197,2.4000113903295164,0.8360425676672357,0.6971428571428573,0.23076923076923078,0.1296515583544076,0.5717321623788993
5,0.5,3,1.3,wave,4.941829275155706,86.22222222222223,52,8.862567301873947,0.2461824250520541,3.1278105149518742,0.2323168426917372,0.6200000000000001,0.8974358974358975,0.7286825361957208,0.5725593076556683
5,2.0,6,1.6,pulse,6.46289791792009,88.66666666666667,26,5.45572369307841,0.15154788036328917,3.8400182245272254,0.5725410738260445,0.7457142857142858,0.23076923076923078,0.35441975023500794,0.5726675701518644
6,1.0,8,1.6,pulse,7.453561846748379,88.16666666666667,20,4.196624435420581,0.11657290098390503,3.8400003199597705,0.79412730867574,0.7200000000000001,0.07692307692307693,0.2160999298724039,0.5734441208357235
6,2.0,6,1.6,pulse,6.707176143675328,88.1111111111111,26,5.455561721845814,0.1515433811623837,3.8400182245272254,0.6271798778903935,0.7171428571428564,0.23076923076923078,0.35440195669596775,0.5734665696030005
7,2.0,4,1.0,pulse,6.613007597982386,87.22222222222223,39,5.114493401189948,0.1420692611441652,2.4007943552303055,0.6061167778075527,0.6714285714285716,0.5641025641025641,0.31693349774996543,0.5734690075549949
6,0.5,3,1.6,wave,4.747739773056864,85.16666666666667,51,10.702837195797482,0.2973010332165967,3.8496129414792297,0.18890397507597395,0.5657142857142857,0.8717948717948718,0.9308475359747826,0.5751464167148658
7,0.5,4,1.0,wave,6.003043892523101,88.61111111111111,40,5.245768119880683,0.14571578110779676,2.4007943552303055,0.4696834658088488,0.7428571428571429,0.5897435897435898,0.3313548353824179,0.5769519067887691
6,0.5,8,1.3,pulse,7.418669345533302,89.16666666666667,20,3.409835468195305,0.09471765189431403,3.1200002599673136,0.7863227467615075,0.7714285714285715,0.07692307692307693,0.12966630841803076,0.5773491132091477
6,1.0,8,1.0,wave,8.373973935360683,87.6111111111111,20,2.620132585521061,0.07278146070891836,2.4000001999748566,1.0,0.6914285714285707,0.07692307692307693,0.0429125753767421,0.577417679910513
7,0.5,3,1.6,pulse,4.362732572504663,85.94444444444444,52,10.898107851068769,0.3027252180852435,3.8496129414792297,0.1027876913617911,0.6057142857142854,0.8974358974358975,0.9522992220074278,0.5784717855569516
5,0.5,8,1.0,pulse,8.11515270256767,88.33333333333333,20,2.6229410119465104,0.07285947255406973,2.4000001999748566,0.9421082964617551,0.7285714285714281,0.07692307692307693,0.04322109834370213,0.5797207443336294
6,0.5,4,1.0,pulse,6.254304326986482,88.22222222222223,40,5.244761395119819,0.14568781653110607,2.4007943552303055,0.5258840117450374,0.722857142857143,0.5897435897435898,0.3312442404573313,0.581979924287799
6,2.0,4,1.0,wave,6.523229207282814,87.83333333333333,39,5.114826509020875,0.14207851413946873,2.4007943552303055,0.5860356433409809,0.7028571428571424,0.5641025641025641,0.31697009170000945,0.5825988998712177
6,1.0,4,1.6,pulse,5.31403345567425,87.66666666666667,40,8.35196015720307,0.2319988932556408,3.841270968368489,0.3155694176128495,0.6942857142857144,0.5897435897435898,0.6725891916105464,0.5848131231282522
6,1.0,4,1.0,pulse,5.65316429949862,89.66666666666666,41,5.318716947628589,0.14774213743412745,2.4007943552303055,0.3914243312901068,0.7971428571428565,0.6153846153846154,0.33936871410435665,0.585982572896145
7,1.0,4,1.6,pulse,5.0973841383260075,88.22222222222223,40,8.388106892107853,0.23300296922521815,3.841270968368489,0.26711049514987695,0.722857142857143,0.5897435897435898,0.6765601334154243,0.5863497237306274
5,1.0,6,1.3,pulse,6.873088648097133,89.05555555555556,27,4.561855371627568,0.12671820476743242,3.120014807428371,0.6642902703246815,0.7657142857142856,0.2564102564102564,0.25622280118676777,0.5875295820309782
5,0.5,4,1.6,wave,5.1253725681778395,88.33333333333333,40,8.392286479428332,0.23311906887300923,3.841270968368489,0.2733707925219207,0.7285714285714281,0.5897435897435898,0.6770192868648782,0.5905780573349574
6,2.0,3,1.6,pulse,4.6514458432162415,86.11111111111111,51,10.702538817302298,0.2972927449250638,3.8496129414792297,0.1673654808082951,0.6142857142857142,0.8717948717948718,0.9308147572565021,0.5916123802614328
7,0.5,3,1.0,pulse,5.120316529837689,88.33333333333333,53,6.951301142184745,0.1930916983940207,2.4060080884245187,0.27223988579720054,0.7285714285714281,0.9230769230769231,0.5187181586730883,0.5919684383487528
5,1.0,4,1.6,pulse,5.185942500639785,88.27777777777777,40,8.388106892107853,0.23300296922521815,3.841270968368489,0.2869187404069487,0.7257142857142852,0.5897435897435898,0.6765601334154243,0.5925874993306094
6,2.0,6,1.3,wave,6.756888533637992,89.83333333333333,26,4.432745334351648,0.12313181484310132,3.120014807428371,0.6382992706497879,0.8057142857142853,0.23076923076923078,0.2420392671608367,0.5936310227429658
8,2.0,4,1.0,pulse,6.830329801968759,87.66666666666667,39,5.11256367588954,0.14201565766359836,2.4007943552303055,0.6547262078364972,0.6942857142857144,0.5641025641025641,0.31672150552196726,0.5958646809023457
5,1.0,3,1.6,wave,4.441049776376634,86.5,52,10.912709199616309,0.3031308111004531,3.8496129414792297,0.12030525087409875,0.6342857142857141,0.8974358974358975,0.9539032702155925,0.5960291279338042
5,2.0,4,1.6,pulse,4.789775159936509,89.38888888888889,40,8.39313963315067,0.23314276758751862,3.841270968368489,0.19830621819602734,0.7828571428571425,0.5897435897435898,0.6771130110640609,0.5962592300218922
7,1.0,3,1.3,pulse,5.182799216765379,86.72222222222223,52,8.863389994212499,0.24620527761701386,3.1278105149518742,0.2862156680344469,0.6457142857142858,0.8974358974358975,0.7287729140239897,0.5976235181284281
7,2.0,4,1.6,wave,6.119594431855635,86.61111111111111,39,8.179276425253281,0.22720212292370223,3.841270968368489,0.49575284658356156,0.64,0.5641025641025641,0.6536188184349869,0.5990722317431443
6,0.5,8,1.0,pulse,8.17862580815681,89.05555555555556,20,2.6229501241624096,0.07285972567117803,2.4000001999748566,0.9563056100737988,0.7657142857142856,0.07692307692307693,0.04322209937682848,0.5999845586575516
6,0.5,6,1.0,pulse,7.10695997402588,90.0,27,3.5406796265715066,0.09835221184920852,2.4000113903295164,0.7166013165269496,0.8142857142857141,0.2564102564102564,0.14404034634396742,0.6000279954701279
5,2.0,6,1.0,pulse,7.462747187750323,89.27777777777777,27,3.45344475727301,0.0959290210353614,2.4000113903295164,0.7961818350082358,0.7771428571428567,0.2564102564102564,0.13445705783248899,0.6012921816738679
5,1.0,8,1.0,pulse,8.059164220772605,89.44444444444444,20,2.6229503601502344,0.0728597322263954,2.4000001999748566,0.9295851021524671,0.7857142857142855,0.07692307692307693,0.04322212530154676,0.6023044368621623
5,2.0,4,1.3,wave,5.512084592344336,89.5,40,6.819557873239334,0.18943216314553704,3.121032661799397,0.35986840176414747,0.7885714285714284,0.5897435897435898,0.5042453479048498,0.6046476718535085
5,1.0,8,1.0,wave,7.384164347369778,91.0,21,2.706359688521541,0.07517665801448725,2.4000001999748566,0.7786048593891529,0.8657142857142855,0.10256410256410256,0.05238515454385286,0.6049560845838976
7,2.0,4,1.6,pulse,5.412362700416239,88.33333333333333,40,8.370904889575197,0.23252513582153325,3.841270968368489,0.33756315987392277,0.7285714285714281,0.5897435897435898,0.6746703873245401,0.6061563692648904
5,2.0,3,1.3,pulse,4.849080648992749,87.77777777777777,53,8.897943389301304,0.24716509414725843,3.1278105149518742,0.21157134236526498,0.6999999999999995,0.9230769230769231,0.7325688176213696,0.6067142914232823
5,2.0,8,1.0,wave,7.609538995290462,90.72222222222223,20,2.622950692993281,0.0728597414720356,2.4000001999748566,0.8290154155929979,0.8514285714285715,0.07692307692307693,0.04322216186640859,0.606733451106696
6,1.0,3,1.3,wave,5.4479605535654025,86.72222222222223,52,8.864611271939463,0.2462392019983184,3.1278105149518742,0.34552549101217783,0.6457142857142858,0.8974358974358975,0.7289070789158989,0.6124778068512426
6,2.0,4,1.3,pulse,5.654604842515872,89.5,40,6.81533684983763,0.1893149124954897,3.121032661799397,0.3917465439941763,0.7885714285714284,0.5897435897435898,0.5037816424462697,0.6125244663192998
5,2.0,8,1.6,pulse,7.491382983213568,89.88888888888889,20,4.19672115003993,0.11657558750110916,3.8400003199597705,0.8025869315439816,0.8085714285714283,0.07692307692307693,0.2161105545699354,0.6154182943494328
8,0.5,4,1.0,pulse,6.858787962333472,88.22222222222223,40,5.245179049642708,0.14569941804563077,2.4007943552303055,0.6610915719347176,0.722857142857143,0.5897435897435898,0.331290122383024,0.6157909907203575
7,0.5,4,1.6,pulse,5.846688316349297,87.72222222222223,40,8.389942698547099,0.23305396384853055,3.841270968368489,0.43471071428948554,0.6971428571428573,0.5897435897435898,0.6767618080771737,0.6167186848764509
5,2.0,6,1.3,pulse,6.887870020781068,90.27777777777779,27,4.60028685229662,0.1277857458971283,3.120014807428371,0.6675964861095008,0.8285714285714288,0.2564102564102564,0.2604447364075863,0.6174862373070611
7,1.0,3,1.6,wave,4.746266223237443,86.72222222222223,52,10.910290796233184,0.3030636332286995,3.8496129414792297,0.18857437959273562,0.6457142857142858,0.8974358974358975,0.9536375936857371,0.6181861319503498
5,2.0,3,1.0,pulse,5.399747991803399,88.83333333333333,53,6.946806784164206,0.19296685511567235,2.4060080884245187,0.33474157153916706,0.7542857142857139,0.9230769230769231,0.5182244257205311,0.6190665417651615
5,1.0,4,1.3,pulse,5.890355724357462,89.27777777777777,40,6.819726297657347,0.189436841601593,3.121032661799397,0.4444779988797492,0.7771428571428567,0.5897435897435898,0.5042638503661153,0.6206609144818049
5,2.0,8,1.3,pulse,7.370572256774671,91.22222222222223,20,3.4098360024395014,0.09471766673443059,3.1200002599673136,0.7755646556519805,0.8771428571428573,0.07692307692307693,0.1296663671080513,0.6222310307411988
8,0.5,4,1.3,wave,6.563032989365008,87.72222222222223,40,6.817824064310532,0.1893840017864036,3.121032661799397,0.5949387334280533,0.6971428571428573,0.5897435897435898,0.5040548782988069,0.6222343037054194
5,2.0,6,1.0,wave,8.266054769484358,88.66666666666667,26,3.4098335548775056,0.09471759874659737,2.4000113903295164,0.9758612371574503,0.7457142857142858,0.23076923076923078,0.12966609822826797,0.6285468805833679
5,0.5,6,1.3,pulse,6.813031791512838,90.94444444444446,27,4.603273164639372,0.1278686990177603,3.120014807428371,0.6508570844175677,0.8628571428571433,0.2564102564102564,0.2607728012398733,0.6287955712791068
7,1.0,6,1.3,pulse,7.443829297040154,89.5,27,4.5950570118940455,0.12764047255261235,3.120014807428371,0.791950385722783,0.7885714285714284,0.2564102564102564,0.2598702061784487,0.6304598061645539
5,1.0,6,1.0,pulse,7.488170965094316,90.55555555555556,27,3.5408487847125363,0.09835691068645934,2.4000113903295164,0.8018684850753028,0.8428571428571427,0.2564102564102564,0.14405892940923237,0.6342056470774121
5,2.0,6,1.3,wave,7.514060423480228,89.55555555555556,27,4.552576631865806,0.12646046199627237,3.120014807428371,0.8076592961052527,0.7914285714285714,0.2564102564102564,0.25520347438688884,0.6347394016875737
6,2.0,3,1.0,pulse,5.566268268952009,89.22222222222223,53,6.951426765587472,0.19309518793298533,2.4060080884245187,0.3719879072194519,0.7742857142857145,0.9230769230769231,0.5187319591788014,0.6374796323768871
5,0.5,3,1.6,wave,4.580436345583701,87.5,54,11.256413135614189,0.31267814265594956,3.8496129414792297,0.1514824686574708,0.6857142857142855,0.9487179487179487,0.991661267765033,0.6396460941605977
5,0.5,3,1.0,pulse,5.548370007444738,89.16666666666667,54,7.068924867999536,0.19635902411109823,2.4060080884245187,0.36798452296133916,0.7714285714285715,0.9487179487179487,0.5316398505302872,0.6403387528610442
5,2.0,8,1.6,wave,7.040188560113572,91.83333333333333,21,4.394169749947251,0.12206027083186807,3.8400003199597705,0.7016662555301103,0.9085714285714281,0.10256410256410256,0.23780150125576874,0.6420904172472343
5,1.0,8,1.6,pulse,7.7922112768887635,90.44444444444444,20,4.196721309800955,0.11657559193891541,3.8400003199597705,0.8698745423996496,0.8371428571428569,0.07692307692307693,0.21611057212066948,0.6450973434306396
5,1.0,6,1.0,wave,7.5486768634332435,90.88888888888889,27,3.5408939826016423,0.09835816618337895,2.4000113903295164,0.8154021101614397,0.8599999999999997,0.2564102564102564,0.14406389467615943,0.6453043321166173
5,0.5,4,1.6,pulse,5.471867195291127,89.66666666666666,41,8.541044087832638,0.23725122466201773,3.841270968368489,0.35087279656530257,0.7971428571428565,0.6153846153846154,0.6933612277777257,0.6466431919496177
5,2.0,4,1.0,pulse,6.489597781534727,90.33333333333333,41,5.318716947628589,0.14774213743412745,2.4007943552303055,0.5785131518206127,0.831428571428571,0.6153846153846154,0.33936871410435665,0.648183349457343
6,0.5,3,1.3,pulse,4.782854516601144,89.44444444444444,54,9.19575463519897,0.25543762875552695,3.1278105149518742,0.19675824692666352,0.7857142857142855,0.9487179487179487,0.7652852200685888,0.6506898291886071
5,0.5,8,1.3,wave,7.131784945652532,92.83333333333333,21,3.580315119781047,0.09945319777169574,3.1200002599673136,0.7221540290391599,0.9599999999999996,0.10256410256410256,0.1483945497694584,0.6524738274700916
5,2.0,3,1.6,pulse,4.2234422693838525,89.16666666666667,53,11.12208182749559,0.30894671743043306,3.8496129414792297,0.07163200584478778,0.7714285714285715,0.9230769230769231,0.976904144928981,0.6527393798975426
6,1.0,3,1.6,pulse,4.201856201639949,89.0,54,11.256479072878077,0.3126799742466132,3.8496129414792297,0.06680375346030937,0.7628571428571427,0.9487179487179487,0.9916685113802132,0.653192149798629
5,2.0,3,1.3,wave,4.983188543273265,89.5,53,9.036246930638404,0.25100685918440013,3.1278105149518742,0.24156785530218775,0.7885714285714284,0.9230769230769231,0.7477623147796837,0.6571092619463188
5,0.5,3,1.3,pulse,4.785188845755394,89.83333333333333,54,9.203609308079542,0.2556558141133206,3.1278105149518742,0.19728037677629082,0.8057142857142853,0.9487179487179487,0.7661481043370371,0.6599929385047033
5,1.0,3,1.0,wave,5.5177127204358145,90.22222222222223,54,7.073657411691516,0.19649048365809765,2.4060080884245187,0.36112727036403436,0.8257142857142858,0.9487179487179487,0.53215974964813,0.6631569909638582
6,0.5,4,1.3,wave,5.785018441228981,91.11111111111111,41,6.99010199946371,0.19416949998510302,3.121032661799397,0.4209167373070751,0.8714285714285714,0.6153846153846154,0.5229806721930511,0.6635066374466977
5,2.0,3,1.0,wave,5.489498886354367,90.33333333333333,54,7.078924877471459,0.19663680215198498,2.4060080884245187,0.3548165558191167,0.831428571428571,0.9487179487179487,0.5327384132570683,0.6642664736208447
5,1.0,3,1.0,pulse,5.749350963074966,89.83333333333333,54,7.078924877471459,0.19663680215198498,2.4060080884245187,0.4129388328323661,0.8057142857142853,0.9487179487179487,0.5327384132570683,0.6672256143027284
6,1.0,4,1.6,wave,5.6674982311126945,90.11111111111111,41,8.584904023431767,0.23846955620643795,3.841270968368489,0.39463046592823015,0.82,0.6153846153846154,0.6981795122587061,0.6688319804722602
5,1.0,4,1.3,wave,5.992146079922872,90.88888888888889,41,6.983597881072322,0.19398883002978673,3.121032661799397,0.4672459032895004,0.8599999999999997,0.6153846153846154,0.5222661546663016,0.6698031682940968
6,0.5,3,1.6,pulse,4.5808611844206055,88.83333333333333,54,11.305178996602638,0.31403274990562885,3.8496129414792297,0.15157749426156136,0.7542857142857139,0.9487179487179487,0.9970184984128357,0.6715984395483235
5,0.5,4,1.0,pulse,6.755658122450922,90.77777777777779,41,5.37679442259474,0.14935540062763164,2.4007943552303055,0.6380240590726568,0.8542857142857145,0.6153846153846154,0.34574888298744777,0.6746228243326868
5,1.0,3,1.3,wave,5.296915875465252,89.38888888888889,54,9.19575463519897,0.25543762875552695,3.1278105149518742,0.31174065183479627,0.7828571428571425,0.9487179487179487,0.7652852200685888,0.6781497161299258
5,1.0,4,1.0,wave,6.23423367022515,92.11111111111111,42,5.482276119656709,0.15228544776824193,2.4007943552303055,0.5213947181175159,0.9228571428571428,0.6410256410256411,0.3573366980865487,0.6812042975349671
5,0.5,3,1.6,pulse,4.5866786696775685,89.27777777777777,54,11.326279803954332,0.31461888344317585,3.8496129414792297,0.1528787172261531,0.7771428571428567,0.9487179487179487,0.9993365522633489,0.6826730703452885
6,2.0,3,1.3,pulse,5.339900965841804,89.83333333333333,53,9.035947464490953,0.25099854068030425,3.1278105149518742,0.32135531938656603,0.8057142857142853,0.9230769230769231,0.7477294165760924,0.6847638340409806
6,0.5,3,1.3,wave,4.92495784140445,90.72222222222223,55,9.355978937842442,0.2598883038289567,3.1278105149518742,0.2285431335935585,0.8514285714285715,0.9743589743589743,0.7828868480773247,0.6942919075926092
6,2.0,3,1.3,wave,5.345888550939963,90.05555555555556,54,9.192988298019415,0.25536078605609486,3.1278105149518742,0.3226945893439496,0.8171428571428571,0.9487179487179487,0.764981320864923,0.6962559920950525
6,1.0,3,1.0,wave,6.246760340187916,90.27777777777779,54,7.08231738275667,0.19673103840990747,2.4060080884245187,0.5241966144533775,0.8285714285714288,0.9487179487179487,0.5331111008897355,0.7054003115202293
5,0.5,3,1.0,wave,5.2886459347546575,92.27777777777779,56,7.313552800171605,0.20315424444921124,2.4060080884245187,0.3098908771825,0.9314285714285717,1.0,0.5585137378969266,0.7083183240178675
5,1.0,3,1.6,pulse,4.493938298037586,90.77777777777779,54,11.332319043670827,0.3147866401019673,3.8496129414792297,0.13213506322577898,0.8542857142857145,0.9487179487179487,1.0,0.7123341321068112
5,2.0,4,1.0,wave,6.368108889986614,93.38888888888889,42,5.506781070874431,0.15296614085762308,2.4007943552303055,0.5513391877033872,0.9885714285714282,0.6410256410256411,0.36002871813962606,0.7188002475134788
5,0.5,4,1.3,pulse,6.3050223192007975,92.0,42,7.142351550606075,0.19839865418350205,3.121032661799397,0.5372283320608064,0.9171428571428569,0.6410256410256411,0.5397062245561532,0.719065177743282
6,0.5,3,1.0,pulse,5.781706864303325,91.77777777777779,56,7.238081845084384,0.20105782903012176,2.4060080884245187,0.4201760220745751,0.9057142857142859,1.0,0.5502227879287109,0.7226599916758146
5,2.0,3,1.6,wave,5.0668334573980065,90.22222222222223,54,11.322906132076689,0.3145251703354635,3.8496129414792297,0.2602770876118263,0.8257142857142858,0.9487179487179487,0.9989659335966793,0.731305682065516
5,0.5,4,1.0,wave,6.9073810346836995,92.72222222222221,42,5.507480071047499,0.15298555752909718,2.4007943552303055,0.6719606019140377,0.9542857142857137,0.6410256410256411,0.3601055076205062,0.733542387533746
6,2.0,3,1.6,wave,4.734686500027691,91.94444444444444,54,11.331672558634068,0.31476868218427967,3.8496129414792297,0.1859842910753457,0.914285714285714,0.9487179487179487,0.9999289796307896,0.7527822349953606
5,1.0,3,1.3,pulse,5.264881095375104,93.61111111111111,56,9.547809939946797,0.2652169427763,3.1278105149518742,0.3045752891948044,1.0,1.0,0.803960666991658,0.7869359556970328
